seq,link_type,speed_km_h
1,tertiary,50
2,residential,30
3,track,40
4,cycleway,20
5,service,40
6,primary,90
7,unclassified,30
8,track_grade5,40
9,trunk,90
10,path,5
11,secondary,50
12,steps,5
13,pedestrian,5
14,footway,5
15,track_grade2,20
16,living_street,30
17,track_grade4,20
18,track_grade1,20
19,trunk_link,60
20,tertiary_link,50
21,unknown,30
22,secondary_link,50
23,primary_link,50
24,track_grade3,30
25,motorway,110
26,motorway_link,90
27,busway,50
28,bridleway,5
